installation_date,lPV_system_size_DC,PV_system_size_DC,ltotal_installed_price,total_installed_price,lrebate_or_grant,rebate_or_grant,zip_code,city,state,lzip_code_id,zip_code_id,lzip_income,zip_income
8/8/2004,1.18,15,5.083746215072061,121268,4.698726731303345,49972,94087,Sunnyvale,CA,4.440767441,27591,6.709265805,5119951
10/7/2001,1.07,11.7684,5.006324820099532,101467,4.644748689075375,44131.5,94027,Atherton,CA,4.441050677,27609,6.748695777,5606551
2/25/2004,1.02,10.395,4.996292718541321,99150,4.535294120042771,34300,95076,Watsonville,CA,4.431395933,27002,6.346331455,2219890
5/8/2003,1.08,11.9472,4.990754388543864,97893.62,4.644255674569584,44081.43,95926,Chico,CA,4.376558709,23799,5.962946275,918219
4/4/2003,1.08,12,4.987666264926275,97200,4.648891574286965,44554.5,93426,Cobb,CA,3.916980047,8260,4.581323751,38135
3/10/2004,1.10,12.5,4.979493743031352,95388,4.6020599913279625,40000,94027,Atherton,CA,4.441050677,27609,6.748695777,5606551
5/8/2005,1.13,13.365,4.9656249671092425,92390,4.519499852859538,33075,92262,Palm Springs,CA,4.374308331,23676,5.951720637,894789
6/3/2004,1.16,14.4,4.9538905883616975,89927.1,4.676693609624866,47500,90275,Rancho Palos Verdes,CA,4.439048335,27482,6.555046661,3589605
11/3/2002,0.95,8.91,4.950622822672735,89253,4.521327719102561,33214.5,94010,Hillsborough,CA,4.441553751,27641,6.899265958,7929868
7/22/2005,1.01,10.15,4.948108804248142,88737.83,4.394775354736571,24818.49,94558,Napa,CA,4.43841576,27442,6.522444886,3330005
3/21/2002,0.96,9.17568,4.941908774,87480,4.536646807458353,34407,94028,Portola Valley,CA,4.433145537,27111,6.375528825,2374263
6/12/2004,1.08,12,4.937312281,86559.01,4.5312182621488235,33979.6,95120,San Jose,CA,4.43977466,27528,6.603664132,4014802
10/29/2003,1.08,12.16,4.9168591010246105,82577,4.608611600414611,40608,94599,Napa,CA,4.208199417,16151,5.250927196,178208
9/12/2002,0.98,9.6,4.916769684283136,82560,4.760422483423212,57600,11940,East Moriches,NY,4.256958153,18070,5.438450576,274442
12/30/2005,1.06,11.39,4.901188833546502,79650.56,4.484769904429174,30533.03,95212,Stockton,CA,4.363047595,23070,5.898852929,792233
8/15/2002,1.00,9.9,4.900522791230999,79528.5,4.5789370407114065,37926,95404,Santa Rosa,CA,4.42258984,26460,6.246242951,1762962
1/5/2005,1.18,15.18,4.899798623060765,79396,4.598221285,39648,95616,Davis,CA,4.417388646,26145,6.199695951,1583784
5/11/2005,1.18,14.99,4.897159561,78915,4.778151250383644,60000,11788,Hauppauge,NY,4.381133138,24051,5.982875206,961336
3/11/2005,1.04,11.025,4.886895840080974,77071.86,4.455222608070064,28524.8,94022,Los Altos Hills,CA,4.441255121,27622,6.790314163,6170412
4/9/2004,1.07,11.88,4.877102276,75353.3,4.571009672309305,37240,94945,Grass Valley,CA,4.392345155,24680,6.042921865,1103880
1/6/2005,0.90,7.92,4.875222096283384,75027.78,4.394889257167419,24825,93117,Goleta,CA,4.410422907,25729,6.148500547,1407669
8/11/2005,0.97,9.24,4.869231719730976,74000,4.382647303154711,24135,95127,San Jose,CA,4.428572109,26827,6.306912665,2027275
11/8/2003,1.07,11.88,4.846058505154181,70154.98,4.593286067020458,39200,91901,Alpine,CA,4.354146871,22602,5.859535168,723661
10/27/2005,1.01,10.2,4.842160486473716,69528.12,4.3765495846929685,23798.5,95361,Oakdale,CA,4.389378748,24512,6.02578128,1061161
12/3/2002,1.02,10.56,4.8383143906765484,68915.1,4.778151250383644,60000,11901,Riverhead,NY,4.354204511,22605,5.859728968,723984
8/2/2003,0.95,9,4.837702046930868,68818,4.536646807458353,34407,91361,Thousand Oaks,CA,4.435796604,27277,6.435131526,2723526
4/26/2002,0.86,7.2,4.835056101720117,68400,4.439750994273146,27526.5,92262,Palm Springs,CA,4.374308331,23676,5.951720637,894789
2/21/2003,0.91,8.1,4.828279561,67341,4.4711082709371395,29587.5,94596,Walnut Creek,CA,4.425501615,26638,6.275348677,1885162
4/8/2005,1.07,11.84,4.824711443464734,66790,4.555904214916626,35967,95476,Sonoma,CA,4.425322238,26627,6.2735545,1877390
11/5/2005,0.98,9.45,4.811072059,64725,4.343574007815342,22058.4,92123,San Diego,CA,4.392767279,24704,6.04473413,1108496
5/29/2004,0.82,6.66,4.796636767226257,62609,4.298451331933021,19881.6,94901,San Rafael,CA,4.436544277,27324,6.459899321,2883363
5/8/2004,0.68,4.8,4.794831651642137,62349.31,4.204119982655925,16000,94941,Mill Valley,CA,4.440357997,27565,6.65359896,4504006
8/6/2004,0.90,8.016,4.794766797940821,62340,4.3997221659722054,25102.8,95030,Los Gatos,CA,4.438257472,27432,6.515365501,3276163
3/30/2005,0.90,7.893065114,4.7901421118879925,61679.68,4.325618272810029,21165,91902,Bonita,CA,4.374418377,23682,5.952285713,895954
12/3/2002,0.86,7.2,4.789580712164425,61600,4.635483746814912,43200,11746,Huntington Station,NY,4.439222132,27493,6.562759391,3653923
6/27/2004,0.89,7.7,4.786857853828952,61215,4.418102332249959,26188,94901,San Rafael,CA,4.436544277,27324,6.459899321,2883363
12/17/2005,1.01,10.2,4.782836390487301,60650.78,4.378853761678032,23925.1,92584,Menifee,CA,4.41140082,25787,6.153885565,1425232
7/2/2005,0.56,3.6,4.778719586970477,60078.57,4.258358996125536,18128.38,95032,Los Gatos,CA,4.440421013,27569,6.660474722,4575881
1/17/2004,0.97,9.24,4.7737864449811935,59400,4.45484486,28500,93727,Fresno,CA,4.412662107,25862,6.163666962,1457696
10/3/2001,0.69,4.915812,4.7684753027894065,58678,4.265678477728486,18436.5,95133,San Jose,CA,4.392661786,24698,6.044156644,1107023
12/12/2002,0.98,9.6,4.763534307818844,58014.2,4.760422483423212,57600,11949,Manorville,NY,4.342817315,22020,5.80798127,642660
8/22/2003,0.81,6.4,4.763218283534145,57972,4.376339672571035,23787,92675,San Juan Capistrano,CA,4.431122422,26985,6.342093677,2198334
7/17/2005,0.78,6.012,4.759540936630924,57483.2,4.142464553774022,13882.4,95003,Aptos,CA,4.411703863,25805,6.156522802,1433913
12/31/2004,0.88,7.52,4.744936045140824,55582.24,4.298730845688062,19894.4,92831,Fullerton,CA,4.39733157,24965,6.069391303,1173252
8/27/2003,0.87,7.425,4.7423322823571485,55250,4.389166084364533,24500,92270,Rancho Mirage,CA,4.392802437,24706,6.044890817,1108896
10/9/2003,0.87,7.425,4.738384123512156,54750,4.389166084364533,24500,92210,Indian Wells,CA,4.29620433,19779,5.598283717,396537
8/8/2004,0.89,7.82,4.737868772372546,54685.07,4.389747472382791,24532.82,92040,Lakeside,CA,4.408477405,25614,6.136643846,1369758
1/29/2005,0.87,7.425,4.7351995484223135,54350,4.292256071356476,19600,92545,Hemet,CA,4.360612345,22941,5.888273309,773167
3/30/2005,0.75,5.6,4.731685443363646,53912,4.200544086611016,15868.8,95120,San Jose,CA,4.43977466,27528,6.603664132,4014802
3/26/2004,0.86,7.2,4.728860271694184,53562.43,4.360460871050178,22933,91935,Jamul,CA,4.304339705,20153,5.633207801,429742
6/26/2002,0.69,4.9158,4.728702700936549,53543,4.2610962581323335,18243,95118,San Jose,CA,4.421719065,26407,6.23981732,1737070
12/26/2003,0.89,7.8,4.723247998430472,52874.71,4.408782494404144,25632,94558,Napa,CA,4.43841576,27442,6.522444886,3330005
11/19/2004,0.78,6.08,4.719306422084043,52397,4.203859327762493,15990.4,95065,Santa Cruz,CA,4.309991929,20417,5.658076297,455068
10/13/2002,0.78,6,4.718086294783092,52250,4.360271454,22923,91755,Monterey Park,CA,4.349024844,22337,5.835934595,685385
4/8/2004,0.78,6,4.713557740135992,51708,4.278492946059397,18988.6,95132,San Jose,CA,4.426478729,26698,6.285384007,1929230
9/22/2005,0.86,7.181,4.7124392366451895,51575,4.240249631518799,17388,95337,Manteca,CA,4.397627204,24982,6.071235237,1178244
9/16/2004,0.96,9.018,4.706973676176178,50930,4.350248018334163,22400,95747,Roseville,CA,4.437481026,27383,6.482186598,3035195
9/15/2004,0.77,5.92,4.706426647746722,50865.89,4.271041954749921,18665.6,95407,Santa Rosa,CA,4.376065722,23772,5.959979123,911967
12/28/2001,0.72,5.214516,4.703265577680112,50497,4.291202294560029,19552.5,95125,San Jose,CA,4.440389506,27567,6.655450784,4523252
9/10/2004,0.77,5.94,4.702947246181556,50460,4.191696877382912,15548.8,95692,Wheatland,CA,4.171931123,14857,5.129486873,134737
12/23/2004,0.77,5.92,4.6965835256348845,49726,4.210072269543308,16220.8,96001,Redding,CA,4.379867289,23981,5.977489938,949489
3/10/2004,0.77,5.92,4.694254112025279,49460,4.271041954749921,18665.6,95403,Santa Rosa,CA,4.414036936,25944,6.174373271,1494078
5/22/2005,0.85,7.014,4.691143403420095,49107,4.248414697348722,17718,95409,Santa Rosa,CA,4.411350293,25784,6.153749029,1424784
3/27/2003,0.78,6,4.690196080028514,49000,4.354175691934893,22603.5,93720,Fresno,CA,4.427388723,26754,6.292891316,1962869
2/24/2001,0.98,9.474,4.686644758474751,48600.95,4.374473389063976,23685,92083,Vista,CA,4.365019743,23175,5.909396616,811702
3/27/2003,0.78,6,4.681241237375588,48000,4.347817712708912,22275,94937,Inverness,CA,4.012204296,10285,4.738867726,54811
2/21/2003,0.78,6,4.681060243631812,47980,4.347817712708912,22275,93010,Camarillo,CA,4.42737249,26753,6.292828697,1962586
9/11/2005,0.83,6.8,4.680024414527043,47865.7,4.200434601526638,15864.8,95320,Escalon,CA,4.297891764,19856,5.604660131,402402
6/30/2003,0.95,9,4.677725546364215,47613,4.653212513775344,45000,11961,Ridge,NY,4.313761796,20595,5.675205318,473375
6/15/2005,0.85,7.014,4.674360449496338,47245.5,4.239349539006136,17352,95776,Woodland,CA,4.35711501,22757,5.872941373,746348
5/13/2004,0.77,5.94,4.672042412547821,46994,4.269979676645324,18620,92270,Rancho Mirage,CA,4.392802437,24706,6.044890817,1108896
9/6/2002,0.70,5.04,4.669037800885156,46670,4.271155948604317,18670.5,95060,Santa Cruz,CA,4.432424077,27066,6.362767764,2305514
2/7/2003,0.78,6,4.666714492,46421,4.347817712708912,22275,93551,Palmdale,CA,4.421949251,26421,6.241157832,1742440
7/16/2005,0.78,6.08,4.660410083538616,45752,4.437116093048078,27360,11768,Northport,NY,4.424244422,26561,6.261915129,1827743
12/12/2002,0.76,5.76,4.656491094301585,45341,4.331639836,21460.5,93647,Orosi,CA,4.162026432,14522,5.098487975,125455
4/25/2004,0.79,6.16,4.653473012322734,45027,4.278753600952829,19000,92562,Murrieta,CA,4.431379849,27001,6.345526638,2215780
9/4/2005,0.96,9.12,4.6531835598447415,44997,4.313036840233308,20560.65,91775,San Gabriel,CA,4.380012144,23989,5.978040296,950693
8/24/2005,0.82,6.68,4.6512780139981444,44800,4.189333074565896,15464.4,93308,Bakersfield,CA,4.391623078,24639,6.038116438,1091733
1/29/2003,0.77,5.88,4.651084089243011,44780,4.350054094,22390,93531,Keene,CA,3.796851749,6264,4.429784568,26902
1/29/2004,0.64,4.408,4.647626361,44424.89,4.162205831,14528,94937,Inverness,CA,4.012204296,10285,4.738867726,54811
6/15/2005,0.78,6,4.645225711535416,44180,4.176091259055681,15000,91362,Westlake Village,CA,4.437782262,27402,6.494384904,3121655
10/1/2003,0.78,6,4.643186095799396,43973,4.2948188094826865,19716,92270,Rancho Mirage,CA,4.392802437,24706,6.044890817,1108896
6/10/2004,0.77,5.92,4.642433158893239,43896.83,4.271041954749921,18665.6,93657,Sanger,CA,4.360971884,22960,5.889945662,776150
10/17/2005,0.77,5.94,4.641642639586013,43817,4.3979400086720375,25000,6489,Southington,CT,4.412594931,25858,6.163178078,1456056
11/29/2001,0.72,5.2461,4.641448131381369,43797.38,4.293892667053009,19674,92122,San Diego,CA,4.425680917,26649,6.27763259,1895102
6/8/2003,0.68,4.8,4.636457805623982,43297,4.181614951728961,15192,92064,Poway,CA,4.435286812,27245,6.421453707,2639087
2/15/2004,0.68,4.8,4.635483746814912,43200,4.184333629188071,15287.4,92264,Palm Springs,CA,4.358715114,22841,5.878998339,756830
10/8/2005,0.74,5.46,4.628388930050312,42500,4.133379211923519,13595,95404,Santa Rosa,CA,4.42258984,26460,6.246242951,1762962
10/9/2004,0.78,6,4.628388930050312,42500,4.278492946059397,18988.6,95472,Sebastopol,CA,4.406028945,25470,6.122365643,1325457
5/13/2005,0.80,6.3,4.627836769732419,42446,4.2071764070951625,16113,92591,Temecula,CA,4.4066083,25504,6.125765497,1335874
5/22/2005,0.76,5.76,4.626535396748938,42319,4.159176032,14427,92629,Dana Point,CA,4.427551021,26764,6.295208742,1973371
12/3/2003,0.76,5.76,4.61998439,41685.44,4.285827252753274,19312,93654,Reedley,CA,4.334694959,21612,5.77120225,590476
6/30/2004,0.95,8.88,4.618466492,41540,4.398828534231048,25051.2,93101,Santa Barbara,CA,4.400710637,25160,6.088721017,1226651
12/18/2004,0.78,6,4.613629377731933,41079.9,4.203859327762493,15990.4,91941,La Mesa,CA,4.410237192,25718,6.147010308,1402847
6/27/2004,0.69,4.95,4.612636277449473,40986.07,4.205312653309609,16044,93060,Santa Paula,CA,4.355891913,22693,5.868392251,738571
3/17/2004,0.80,6.27,4.610371069460834,40772.85,4.278753600952829,19000,92020,El Cajon,CA,4.415574263,26036,6.185293632,1532123
10/29/2005,0.79,6.12,4.610191553568625,40756,4.154728207440155,14280,93611,Clovis,CA,4.418914175,26237,6.214237531,1637712
8/18/2004,0.78,6.012,4.607497914378785,40504,4.278753600952829,19000,92373,Redlands,CA,4.41936087,26264,6.218486664,1653814
6/2/2005,0.77,5.94,4.607090277191581,40466,4.1385931834862815,13759.2,94710,Berkeley,CA,4.285579811,19301,5.55542458,359273
8/7/2002,0.68,4.8,4.605822873252771,40348.08,4.2583019756569245,18126,92071,Santee,CA,4.424505956,26577,6.264853934,1840153
6/24/2005,0.77,5.94,4.6054774365301565,40316,4.1501052775237754,14128.8,92004,Borrego Springs,CA,4.089162999,12279,4.899360804,79316
6/29/2003,0.77,5.94,4.602629629092398,40052.5,4.292256071356476,19600,95014,Cupertino,CA,4.441302287,27625,6.799205415,6298040
10/25/2001,0.71,5.0844,4.6020599913279625,40000,4.213238762688236,16339.5,95616,Davis,CA,4.417388646,26145,6.199695951,1583784
12/3/2005,0.73,5.344,4.6020599913279625,40000,4.153345267743352,14234.6,93280,Wasco,CA,4.276024992,18881,5.516865761,328750
1/24/2003,0.72,5.28,4.598893653127057,39709.43,4.289900961728627,19494,95472,Sebastopol,CA,4.406028945,25470,6.122365643,1325457
4/9/2004,0.79,6.16,4.598790506763115,39700,4.301029995663981,20000,93611,Clovis,CA,4.418914175,26237,6.214237531,1637712
12/3/2005,0.69,4.86,4.597212368219417,39556,4.053831080486347,11319.6,95963,Orland,CA,4.280737674,19087,5.535182683,342912
2/20/2005,0.68,4.8,4.596597095626461,39500,4.111371074,12923.23,94903,San Rafael,CA,4.427210124,26743,6.291430571,1956278
8/15/2004,0.78,6.012,4.5962671263955155,39470,4.204119982655925,16000,95993,Yuba City,CA,4.386819886,24368,6.010996644,1025644
6/6/2003,0.68,4.8,4.595782717574159,39426,4.197886768401186,15772,94521,Concord,CA,4.425224365,26621,6.271897109,1870239
5/10/2001,0.76,5.723016,4.592661652404389,39143.68,4.155548577,14307,92120,San Diego,CA,4.406165333,25478,6.123131029,1327795
7/21/2004,0.78,6.012,4.590853755990372,38981.07,4.278753600952829,19000,94947,Novato,CA,4.409425869,25670,6.142535562,1388467
4/28/2004,0.68,4.8,4.5843312243675305,38400,4.184333629188071,15287.4,92346,Highland,CA,4.420549814,26336,6.228462726,1692243
3/27/2003,0.56,3.6,4.579783597,38000,4.138791990760022,13765.5,90815,Long Beach,CA,4.42468567,26588,6.267444896,1851164
12/4/2003,0.75,5.688,4.5776755892948575,37816,4.254369198919724,17962.6,93230,Hanford,CA,4.412997833,25882,6.165468688,1463756
1/13/2004,0.65,4.5,4.575995620203267,37670,4.352182518111363,22500,11733,East Setauket,NY,4.434760462,27212,6.410319423,2572287
1/13/2004,0.65,4.5,4.575995620203267,37670,4.352182518111363,22500,11768,Northport,NY,4.424244422,26561,6.261915129,1827743
5/19/2002,0.69,4.8672,4.575148687356737,37596.61,4.261310460100623,18252,92663,Newport Beach,CA,4.430735996,26961,6.335356386,2164494
6/4/2003,0.72,5.28,4.567731962548069,36960,4.421603926869831,26400,11757,Lindenhurst,NY,4.416324239,26081,6.190513223,1550648
12/8/2004,0.70,5.01,4.566732029,36875,4.353050239642589,22545,11776,Port Jefferson Station,NY,4.373371817,23625,5.947390584,885912
6/19/2002,0.68,4.8,4.566349092191664,36842.5,4.251455705428966,17842.5,92587,Canyon Lake,CA,4.334895863,21622,5.77239066,592094
9/27/2005,0.64,4.4,4.564322753117416,36671,4.2455126678141495,17600,10538,Larchmont,NY,4.438921894,27474,6.549491507,3543982
2/19/2003,0.68,4.8,4.562699602,36534.2,4.3988250669622895,25051,19350,Landenberg,PA,4.360744841,22948,5.888485583,773545
12/1/2005,0.70,5.01,4.562649672211917,36530,4.062702291575282,11553.2,95966,Oroville,CA,4.332539447,21505,5.761211188,577047
9/24/2004,0.60,4.008,4.559551147744916,36270.3,4.098692170308224,12551.4,94514,Discovery Bay,CA,3.924227581,8399,4.591554304,39044
7/19/2002,0.60,4,4.556302500767287,36000,4.380211241711606,24000,11801,Hicksville,NY,4.416390841,26085,6.190754859,1551511
2/28/2002,0.47,2.96232,4.556302500767287,36000,4.0457336037072755,11110.5,90713,Lakewood,CA,4.392169149,24670,6.041275805,1099704
5/29/2004,0.77,5.94,4.555360508529328,35922,4.269979676645324,18620,95963,Orland,CA,4.280737674,19087,5.535182683,342912
7/2/2005,0.64,4.342,4.553713157596179,35786,4.021189299069938,10500,93618,Dinuba,CA,4.309395926,20389,5.655219137,452084
1/21/2005,0.65,4.44,4.551898212253587,35636.76,4.049218022670182,11200,92831,Fullerton,CA,4.39733157,24965,6.069391303,1173252
8/9/2003,0.56,3.6,4.549003262025788,35400,4.075692918201804,11904,95648,Lincoln,CA,4.430687669,26958,6.334404488,2159755
11/3/2001,0.61,4.0968,4.547134479806693,35248,4.186476030554059,15363,91351,Santa Clarita,CA,4.381584335,24076,5.985371229,966877
8/20/2004,0.64,4.325,4.546542663478131,35200,4.133909178129823,13611.6,95762,El Dorado Hills,CA,4.439158941,27489,6.558879375,3621424
9/20/2003,0.71,5.16,4.5439687656935615,34992,4.149926959,14123,95003,Aptos,CA,4.411703863,25805,6.156522802,1433913
10/8/2003,0.64,4.32,4.542410845006884,34866.7,4.334453751150931,21600,11788,Hauppauge,NY,4.381133138,24051,5.982875206,961336
8/19/2005,0.65,4.48,4.5421457035404655,34845.42,4.033632809913616,10805.2,92029,Escondido,CA,4.385856412,24314,6.005362003,1012423
6/25/2005,0.70,5.01,4.540439473784267,34708.79,4.118357330423666,13132.8,92103,San Diego,CA,4.429316152,26873,6.315276809,2066697
3/19/2004,0.77,5.94,4.538033042545394,34517,4.269979676645324,18620,95945,Grass Valley,CA,4.350306179,22403,5.840773967,693065
4/16/2004,0.58,3.84,4.536011569092394,34356.71,3.991361217742379,9803.05,95404,Santa Rosa,CA,4.42258984,26460,6.246242951,1762962
10/9/2003,0.65,4.5,4.534406899137877,34230,4.182300499593339,15216,91387,Canyon Country,CA,4.417720739,26165,6.203964152,1599426
10/19/2003,0.62,4.2,4.523616419,33390,4.154849841520744,14284,95070,Saratoga,CA,4.441396603,27631,6.817673037,6571629
8/8/2004,0.62,4.16,4.5194341949137025,33070,4.047103452778142,11145.6,95626,El Verta,CA,4.198904399,15809,5.218435716,165362
4/15/2005,0.62,4.1292,4.514680544124982,32710,4.041826762637544,11011,94705,Berkeley,CA,4.415056858,26005,6.181048273,1517219
12/23/2004,0.65,4.48,4.513217600067939,32600,4.061452479087193,11520,95465,Occidental,CA,4.117072337,13094,4.96794091,92884
11/2/2003,0.67,4.68,4.512577676845229,32552,4.198217072244135,15784,93023,Ojai,CA,4.370550096,23472,5.933354651,857738
8/18/2005,0.66,4.59,4.512390854819099,32538,4.025109159071975,10595.2,95073,Soquel,CA,4.33651977,21703,5.780796716,603666
8/4/2002,0.46,2.8548,4.511883360978874,32500,4.029606956,10705.5,95076,La Selva Beach,CA,4.431395933,27002,6.346331455,2219890
2/11/2004,0.73,5.4,4.511430256,32466.11,4.220421922437841,16612,91350,Saugus,CA,4.420681718,26344,6.229611971,1696727
8/17/2003,0.46,2.88,4.505149978319906,32000,4.0325180315259255,10777.5,93726,Fresno,CA,4.329926441,21376,5.750376467,562829
5/22/2005,0.38,2.3808,4.504062882678692,31920,3.784374761667442,6086.6,95223,Arnold,CA,4.16262414,14542,5.100270577,125971
9/24/2004,0.63,4.25,4.503000338013029,31842,4.048845610629151,11190.4,95003,Aptos,CA,4.411703863,25805,6.156522802,1433913
8/12/2004,0.59,3.885,4.502782058442233,31826,4.078782960196963,11989,95403,Santa Rosa,CA,4.414036936,25944,6.174373271,1494078
1/22/2000,0.52,3.3012,4.500548494714297,31662.74,3.916611845109346,8253,92126,San Diego,CA,4.434457123,27193,6.404123903,2535852
8/8/2003,0.68,4.8,4.498889227402069,31542,4.210372034,16232,94560,Newark,CA,4.429445421,26881,6.316681837,2073394
1/28/2004,0.62,4.125,4.496673698529233,31381.5,4.10222783,12654,95476,Sonoma,CA,4.425322238,26627,6.2735545,1877390
7/17/2005,0.71,5.12,4.495288264201405,31281.55,4.146128035678238,14000,95070,Saratoga,CA,4.441396603,27631,6.817673037,6571629
5/9/2002,0.46,2.87364,4.494154454821471,31199.99,4.032469673,10776.3,92028,Fallbrook,CA,4.419707981,26285,6.221544376,1665499
3/25/2005,0.54,3.5,4.492243396676789,31063,3.956936413844196,9056,92675,San Juan Capistrano,CA,4.431122422,26985,6.342093677,2198334
6/24/2005,0.69,4.9,4.490543188528156,30941.63,4.113569029637191,12988.8,92081,Vista,CA,4.386802063,24367,6.010787416,1025150
11/22/2001,0.56,3.63198,4.489958479424835,30900,4.134224934731916,13621.5,92835,Fullerton,CA,4.411720693,25806,6.156622133,1434241
2/24/2004,0.57,3.7,4.488550716500444,30800,4.1702617153949575,14800,10461,Bronx,NY,4.405892514,25462,6.12166422,1323318
7/17/2005,0.57,3.675,4.488270449743784,30780.13,3.951774508081725,8949,94539,Fremont,CA,4.440594262,27580,6.691855986,4918764
6/2/2005,0.60,3.96,4.485721426,30600,4.009892614591594,10230.4,94121,San Francisco,CA,4.437607888,27391,6.488504323,3079671
2/21/2003,0.76,5.76,4.483444648098535,30440,4.182414652434554,15220,95070,Saratoga,CA,4.441396603,27631,6.817673037,6571629
4/29/2004,0.76,5.76,4.483055977557111,30412.77,4.213533694116062,16350.6,94945,Novato,CA,4.392345155,24680,6.042921865,1103880
9/11/2003,0.48,3,4.4817220350526465,30319.5,4,10000,90703,Cerritos,CA,4.430929252,26973,6.339828527,2186898
3/6/2005,0.57,3.7,4.480331104748455,30222.55,3.982994454658664,9616,90405,Santa Monica,CA,4.434041683,27167,6.393227629,2473020
8/4/2004,0.65,4.46741573,4.480035703228801,30202,4.047103452778142,11145.6,95242,Lodi,CA,4.383617915,24189,5.996477523,991922
1/11/2004,0.58,3.84,4.478782867506599,30115,4.081116775262377,12053.6,94523,Pleasant Hill,CA,4.423950007,26543,6.258722027,1814354
5/8/2005,0.61,4.114,4.477598716094118,30033,4.024058552,10569.6,95949,Grass Valley,CA,4.347173836,22242,5.826465492,670603
5/29/2004,0.65,4.44,4.474029389807532,29787.18,4.146103218141621,13999.2,92026,Escondido,CA,4.419129308,26250,6.216511089,1646308
11/12/2003,0.48,3,4.4739830232103355,29784,4,10000,94110,San Francisco,CA,4.440830398,27595,6.71701249,5212097
5/20/2004,0.48,3,4.471614377603175,29622,3.9775498527432602,9496.2,93063,Simi Valley,CA,4.42975228,26900,6.320423606,2091335
1/29/2005,0.64,4.342,4.469822015978163,29500,4.049218022670182,11200,93611,Clovis,CA,4.418914175,26237,6.214237531,1637712
7/24/2005,0.63,4.25,4.469191610837091,29457.21,4.020816887028907,10491,94901,San Rafael,CA,4.436544277,27324,6.459899321,2883363
12/3/2004,0.60,4.008,4.464847089563307,29164,4.019697730980192,10464,93110,Santa Barbara,CA,4.378779331,23921,5.971768327,937062
10/29/2005,0.48,3.006,4.458063445325183,28712,3.8994265050877273,7932.8,95132,San Jose,CA,4.426478729,26698,6.285384007,1929230
7/24/2005,0.62,4.175,4.457685133412637,28687,3.9711598357864597,9357.5,92111,San Diego,CA,4.408138166,25594,6.135149514,1365053
9/23/2005,0.57,3.675,4.4525377439293985,28349,3.9542425094393248,9000,94703,Berkeley,CA,4.378851946,23925,5.972209783,938015
12/28/2001,0.56,3.624648,4.445635334378726,27902,4.133363239048624,13594.5,91724,Covina,CA,4.379196704,23944,5.974015402,941923
1/10/2004,0.57,3.75,4.445604203273597,27900,4.09482038,12440,92069,San Marcos,CA,4.409899325,25698,6.145061154,1396565
5/28/2005,0.58,3.84,4.444044795918076,27800,3.9819816068321665,9593.6,92082,Valley Center,CA,4.356675856,22734,5.871536159,743937
10/21/2004,0.57,3.68,4.440499771253411,27574,4.1673173347481764,14700,13676,Potsdam,NY,4.264392762,18382,5.469777848,294970
12/1/2005,0.61,4.08,4.438058263966856,27419.42,3.9786095760209306,9519.4,95320,Escalon,CA,4.297891764,19856,5.604660131,402402
3/30/2000,0.69,4.9308,4.433476046,27131.64,4.0908573959815335,12327,94519,Concord,CA,4.347856705,22277,5.829496107,675299
9/27/2001,0.46,2.85912,4.428453916,26819.7,4.030263651,10721.7,92061,Pauma Valley,CA,4.172164914,14865,5.130308032,134992
11/14/2004,0.57,3.674,4.427486109095786,26760,4.060939467444845,11506.4,95472,Sebastopol,CA,4.406028945,25470,6.122365643,1325457
5/19/2004,0.53,3.375,4.425909012675203,26663,4.027561605911432,10655.2,94061,Redwood City,CA,4.433849807,27155,6.389310175,2450813
11/20/2005,0.53,3.42,4.425828541,26658.06,3.8785217955012063,7560,95030,Los Gatos,CA,4.438257472,27432,6.515365501,3276163
6/27/2004,0.46,2.88,4.423245873936808,26500,3.9607180599475122,9135.2,94010,Burlingame,CA,4.441553751,27641,6.899265958,7929868
1/16/2005,0.59,3.885,4.423245873936808,26500,4.078782960196963,11989,94556,Moraga,CA,4.417072923,26126,6.196982102,1573918
8/24/2005,0.70,5.01,4.423032771538936,26487,4.0317497058158365,10758.45,94566,Pleasanton,CA,4.440216176,27556,6.639661168,4361754
4/10/2004,0.48,3,4.418996931155748,26242,3.9775498527432602,9496.2,95128,San Jose,CA,4.422770348,26471,6.247277347,1767166
3/24/2004,0.48,3,4.418301291319746,26200,3.971461405024587,9364,94005,Brisbane,CA,4.296928319,19812,5.601390662,399384
6/4/2005,0.64,4.342,4.416806871822945,26110,4.021189299069938,10500,93611,Clovis,CA,4.418914175,26237,6.214237531,1637712
3/7/2004,0.59,3.92,4.416091551763282,26067.03,4.117403884416343,13104,90211,Beverly Hills,CA,4.426608845,26706,6.286815838,1935601
2/4/2004,0.47,2.96,4.416057729263038,26065,3.9922883537970923,9824,95066,Scotts Valley,CA,4.381097022,24049,5.982585982,960696
6/30/2004,0.62,4.175,4.413767343019065,25927.9,4.032779879191245,10784,94552,Castro Valley,CA,4.38913063,24498,6.024602641,1058285
1/9/2004,0.78,6,4.413752267682549,25927,4.230448921378274,17000,93308,Bakersfield,CA,4.391623078,24639,6.038116438,1091733
9/12/2002,0.46,2.874,4.413634997198556,25920,4.0325180315259255,10777.5,95448,Healdsburg,CA,4.396286546,24905,6.063869796,1158430
4/19/2002,0.38,2.3811,4.4126788998126765,25863,3.9507541815935037,8928,92064,Poway,CA,4.435286812,27245,6.421453707,2639087
4/30/2005,0.50,3.15,4.409772556782027,25690.5,3.9204572705454734,8326.4,94124,San Francisco,CA,4.385570528,24298,6.004203539,1009726
12/30/2004,0.49,3.08,4.408579125408668,25620,4.090610707828406,12320,12561,New Paltz,NY,4.331346302,21446,5.756304366,570564
1/9/2003,0.46,2.88,4.4068194016157145,25516.4,4.0325180315259255,10777.5,95060,Santa Cruz,CA,4.432424077,27066,6.362767764,2305514
10/15/2005,0.51,3.2,4.405294269038848,25426.95,3.9075134724717775,8081.9,94085,Sunnyvale,CA,4.410254078,25719,6.147105339,1403154
3/20/2005,0.54,3.507,4.402639612897093,25272,3.966047821076454,9248,95472,Sebastopol,CA,4.406028945,25470,6.122365643,1325457
11/2/2002,0.46,2.874,4.401986098723474,25234,4.0325180315259255,10777.5,95060,Santa Cruz,CA,4.432424077,27066,6.362767764,2305514
3/25/2004,0.47,2.96,4.400900469654636,25171,3.9922883537970923,9824,95127,San Jose,CA,4.428572109,26827,6.306912665,2027275
9/21/2003,0.44,2.75,4.400365273349939,25140,3.966047821076454,9248,92107,San Diego,CA,4.407305907,25545,6.129658318,1347902
8/9/2001,0.38,2.406696,4.399587200018075,25095,3.955452503885383,9025.11,94086,Sunnyvale,CA,4.438668901,27458,6.535969347,3435337
1/16/2005,0.46,2.88,4.3979400086720375,25000,3.886084441650608,7692.8,93065,Simi Valley,CA,4.437004965,27353,6.470119884,2952024
8/22/2001,0.60,4.0176,4.3979400086720375,25000,4.1779979630965665,15066,94618,Piedmont,CA,4.427518566,26762,6.294715708,1971132
12/17/2003,0.56,3.63,4.397696909454457,24986.01,3.787342851929326,6128.34,95969,Paradise,CA,4.299746933,19941,5.613956984,411109
2/6/2004,0.49,3.08,4.397296776729685,24963,4,10000,92270,Rancho Mirage,CA,4.392802437,24706,6.044890817,1108896
2/7/2003,0.48,3,4.393604681652135,24751.68,4.046787717044931,11137.5,92117,San Diego,CA,4.427226364,26744,6.291455656,1956391
11/19/2004,0.58,3.84,4.390426720424486,24571.22,4.070584548627665,11764.8,95472,Sebastopol,CA,4.406028945,25470,6.122365643,1325457
1/9/2004,0.46,2.88,4.389644431079479,24527,3.9777236052888476,9500,93105,Santa Barbara,CA,4.417554724,26155,6.201486432,1590327
4/25/2004,0.51,3.2,4.389631150782599,24526.25,3.9912260756924947,9800,94025,Menlo Park,CA,4.441600884,27644,6.910014471,8128576
12/20/2003,0.48,3,4.389626723926727,24526,3.993876914941211,9860,94085,Sunnyvale,CA,4.410254078,25719,6.147105339,1403154
7/15/2004,0.47,2.96,4.389041982497163,24493,3.9700119590859404,9332.8,94619,Oakland,CA,4.399760226,25105,6.084430416,1214592
11/22/2001,0.56,3.60126,4.387128102865585,24385.3,4.086098107201604,12192.65,93561,Tehachapi,CA,4.36992055,23438,5.930351911,851828
11/20/2003,0.46,2.88,4.382277541122258,24114.46,3.984797257089293,9656,94903,San Rafael,CA,4.427210124,26743,6.291430571,1956278
11/16/2003,0.46,2.88,4.380211241711606,24000,4.034146977106046,10818,94947,Novato,CA,4.409425869,25670,6.142535562,1388467
2/26/2005,0.48,3,4.379831068,23979,3.968062460076449,9291,94702,Berkeley,CA,4.361708953,22999,5.892989552,781609
11/21/2004,0.47,2.96,4.376266635870102,23783,3.886084441650608,7692.8,94596,Walnut Creek,CA,4.425501615,26638,6.275348677,1885162
4/22/2005,0.45,2.8,4.373109598805974,23610.74,3.858958054718006,7227,93004,Ventura,CA,4.38936103,24511,6.025726436,1061027
6/11/2005,0.45,2.805,4.372951198118591,23602.13,3.8780619812900126,7552,95469,Potter Valley,CA,3.991403303,9804,4.699889734,50106
4/14/2002,0.46,2.88,4.371788009,23539,4.030700897151476,10732.5,91901,Alpine,CA,4.354146871,22602,5.859535168,723661
8/13/2004,0.48,3,4.3713080438559215,23513,3.9015237058564125,7971.2,90046,Los Angeles,CA,4.436051275,27293,6.44260706,2770812
7/16/2004,0.59,3.885,4.371233971241102,23508.99,4.004149341900059,10096,95472,Sebastopol,CA,4.406028945,25470,6.122365643,1325457
9/27/2001,0.52,3.338424,4.369957607346053,23440,4.097572761594713,12519.09,92054,Oceanside,CA,4.3941714,24784,6.053110342,1130083
7/21/2004,0.48,3,4.369766171730197,23429.67,3.993876914941211,9860,94518,Concord,CA,4.394661772,24812,6.055275862,1135732
11/10/2001,0.57,3.6936,4.369252975010431,23402,4.068222979,11701,94549,Lafayette,CA,4.439837761,27532,6.610331763,4076916
7/17/2005,0.46,2.88,4.3654492336113435,23197.93,3.8580557180503643,7212,95928,Chico,CA,4.391146906,24612,6.03549978,1085175
7/24/2004,0.38,2.4,4.365300748637988,23190,3.663229634532868,4605,92065,Ramona,CA,4.407067826,25531,6.128158143,1343254
12/1/2004,0.53,3.36,4.363461548826593,23092,3.8860392755664424,7692,94618,Piedmont,CA,4.427518566,26762,6.294715708,1971132
8/11/2002,0.48,3,4.361142087753333,22969,4.046787717044931,11137.5,94061,Redwood City,CA,4.433849807,27155,6.389310175,2450813
11/8/2001,0.46,2.874,4.359686203518124,22892.13,4.0325180315259255,10777.5,92024,Encinitas,CA,4.439506377,27511,6.582265456,3821778
3/25/2005,0.56,3.63,4.359338699210318,22873.82,3.953373050726696,8982,92117,San Diego,CA,4.427226364,26744,6.291455656,1956391
8/8/2003,0.48,3,4.3588291816933245,22847,4,10000,95376,Tracy,CA,4.411518696,25794,6.154776865,1428160
8/4/2005,0.66,4.56,4.357363030615143,22770,4.061565561884839,11523,95959,Nevada City,CA,4.34982127,22378,5.838337707,689188
4/29/2005,0.52,3.34,4.357210419006122,22762,3.908485019,8100,93611,Clovis,CA,4.418914175,26237,6.214237531,1637712
4/8/2004,0.47,2.945,4.357038666819455,22753,3.9775498527432602,9496.2,91711,Claremont,CA,4.424375209,26569,6.26302052,1832401
2/7/2003,0.47,2.97,4.356981400993131,22750,4.044147620878722,11070,95338,Mariposa,CA,4.251540889,17846,5.41797296,261802
7/28/2005,0.43,2.7,4.355815355115771,22689,3.871012193722461,7430.4,92071,Santee,CA,4.424505956,26577,6.264853934,1840153
8/6/2004,0.50,3.15,4.352182518111363,22500,3.9777236052888476,9500,93111,Santa Barbara,CA,4.385695625,24305,6.004710774,1010906
7/24/2004,0.46,2.88,4.349857753529348,22379.88,3.9607180599475122,9135.2,95695,Woodland,CA,4.393575203,24750,6.04930875,1120234
5/26/2001,0.44,2.7348,4.349588320562463,22366,4.010956838955719,10255.5,92301,Lancaster,CA,4.30418883,20146,5.632629356,429170
5/1/2004,0.38,2.4,4.349484035424995,22360.63,3.883411573,7645.6,95667,Placerville,CA,4.400296168,25136,6.087043129,1221921
5/26/2002,0.47,2.98068,4.349277527467955,22350,4.048247531803974,11175,93720,Fresno,CA,4.427388723,26754,6.292891316,1962869
4/15/2005,0.56,3.63,4.347938576956993,22281.2,3.953373050726696,8982,92399,Yucaipa,CA,4.418085748,26187,6.20776897,1613500
5/9/2002,0.46,2.87364,4.342422680822207,22000,4.0325180315259255,10777.5,95472,Sebastopol,CA,4.406028945,25470,6.122365643,1325457
10/9/2002,0.38,2.4,4.342422680822207,22000,4.158362492095249,14400,11798,Wyandanch,NY,4.296445794,19790,5.599433268,397588
7/17/2003,0.48,3,4.3410368493435705,21929.91,3.993876914941211,9860,93245,Lemoore,CA,4.366553693,23257,5.916526588,825138
11/17/2005,0.48,3,4.340317179182672,21893.6,3.8789007760735035,7566.6,95060,Santa Cruz,CA,4.432424077,27066,6.362767764,2305514
3/21/2004,0.47,2.96,4.3402011195940915,21887.75,3.9922883537970923,9824,94563,Orinda,CA,4.437972408,27414,6.502474644,3180348
9/12/2002,0.46,2.874,4.338886789713423,21821.61,4.0325180315259255,10777.5,92064,Poway,CA,4.435286812,27245,6.421453707,2639087
8/10/2005,0.43,2.67,4.336539780753539,21704,4.028896445131471,10688,10502,Ardsley,NY,4.324097172,21091,5.723253666,528754
12/31/2004,0.47,2.97,4.335921635988328,21673.13,3.9689496809813427,9310,94020,La Honda,CA,4.140916377,13833,5.034492092,108266
2/21/2002,0.46,2.88,4.335271705918135,21640.72,4.030700897151476,10732.5,92084,Vista,CA,4.413215915,25895,6.167239332,1469736
6/30/2004,0.46,2.88,4.332438459915605,21500,3.9607180599475122,9135.2,94965,Muir Beach,CA,4.396373728,24910,6.06421082,1159340
2/15/2004,0.47,2.97,4.3322657177601664,21491.45,3.9912260756924947,9800,95616,Davis,CA,4.417388646,26145,6.199695951,1583784
3/25/2005,0.50,3.15,4.332135964,21485.03,3.9024163083090335,7987.6,91024,Sierra Madre,CA,4.360422994,22931,5.886999736,770903
4/28/2004,0.48,3,4.331424664424998,21449.87,3.9775498527432602,9496.2,92026,Escondido,CA,4.419129308,26250,6.216511089,1646308
3/13/2004,0.43,2.7,4.3309816377008215,21428,3.9257451384299515,8428.4,92116,San Diego,CA,4.408409578,25610,6.136332064,1368775
11/30/2004,0.43,2.67,4.330528622964026,21405.66,4.028896445131471,10688,12184,Valatie,NY,4.25173553,17854,5.418574711,262165
11/24/2004,0.46,2.88,4.327358934,21250,3.9736819185039836,9412,93611,Clovis,CA,4.418914175,26237,6.214237531,1637712
10/3/2003,0.46,2.88,4.326663506724679,21216,3.982994454658664,9616,91773,San Dimas,CA,4.41016964,25714,6.146523064,1401274
7/11/2005,0.40,2.528,4.323850003846802,21079,3.7038070652743285,5056,55804,Duluth,MN,4.343546443,22057,5.810908308,647006
9/4/2005,0.48,3,4.3222192947339195,21000,3.875061263,7500,95640,Ione,CA,4.241870089,17453,5.376049279,237711
2/17/2005,0.48,3,4.321826183768503,20981,3.902916234446356,7996.8,94062,Woodside,CA,4.441082136,27611,6.749563027,5617758
6/21/2005,0.52,3.34,4.321582069,20969.21,4.176091259055681,15000,78747,-1,TX,4.329804522,21370,5.749951864,562279
7/15/2004,0.38,2.4,4.3209766773428235,20940,4.033423755486949,10800,1002,Amherst,MA,4.372119982,23557,5.940974444,872920
4/14/2001,0.38,2.4,4.319231018160273,20856,3.9542425094393248,9000,94402,San Mateo,CA,4.437369992,27376,6.480372775,3022545
1/24/2003,0.45,2.8,4.319231018160273,20856,4.015883443501011,10372.5,95472,Sebastopol,CA,4.406028945,25470,6.122365643,1325457
9/6/2002,0.47,2.952,4.318000691817921,20797,4.0169706961539395,10398.5,95437,Fort Bragg,CA,4.282327499,19157,5.541474402,347916
12/8/2002,0.26,1.8288,4.316913439164992,20745,3.8361974807789254,6858,94706,Albany,CA,4.387015887,24379,6.011936501,1027866
3/7/2003,0.38,2.4,4.315512731516173,20678.2,3.9507541815935037,8928,92024,Encinitas,CA,4.439506377,27511,6.582265456,3821778
3/2/2005,0.38,2.4,4.3141458384071365,20613.22,3.8821145253012093,7622.8,92694,Ladera Ranch,CA,4.431315507,26997,6.34470501,2211592
8/17/2003,0.38,2.4,4.313729531410656,20593.47,3.9043909200123617,8024,92630,Lake Forest,CA,4.435716988,27272,6.433297051,2712046
5/8/2005,0.46,2.88,4.3129005780588745,20554.2,3.886084441650608,7692.8,94541,Hayward,CA,4.426136989,26677,6.282350169,1915800
11/21/2004,0.46,2.88,4.3103533890449945,20434,3.886084441650608,7692.8,92064,Poway,CA,4.435286812,27245,6.421453707,2639087
11/1/2004,0.36,2.28,4.310055737750892,20420,4.011147360775797,10260,1002,Amherst,MA,4.372119982,23557,5.940974444,872920
8/11/2005,0.36,2.31,4.308585754289083,20351,3.7561033715851058,5703,94112,San Francisco,CA,4.436655522,27331,6.462263945,2899105
12/3/2004,0.46,2.88,4.306425027550687,20250,3.8580557180503643,7212,92592,Temecula,CA,4.43670319,27334,6.463669516,2908503
7/21/2004,0.46,2.88,4.304748744191344,20171.99,3.886084441650608,7692.8,92065,Ramona,CA,4.407067826,25531,6.128158143,1343254
3/27/2002,0.38,2.4,4.301029995663981,20000,4.158362492095249,14400,11772,Patchogue,NY,4.415590943,26037,6.185769017,1533801
3/3/2004,0.47,2.97,4.300986564044174,19998,3.9912260756924947,9800,93001,Ventura,CA,4.398078961,25008,6.075013802,1188540
12/28/2005,0.30,2,4.300056085,19955.2,3.9039577085231705,8016,14456,Geneva,NY,4.325802909,21174,5.732130691,539673
5/25/2002,0.43,2.71872,4.2987421971326505,19894.92,3.9977122014686692,9947.46,93422,Atascadero,CA,4.390952761,24601,6.034475645,1082619
9/6/2002,0.47,2.952,4.297388411880627,19833,3.996358416216646,9916.5,93023,Ojai,CA,4.370550096,23472,5.933354651,857738
11/22/2003,0.47,2.96,4.293318349461074,19648,3.9700119590859404,9332.8,93271,Three Rivers,CA,4.092158996,12364,4.90670129,80668
11/24/2004,0.48,3,4.292654730197986,19618,3.976157324153317,9465.8,93720,Fresno,CA,4.427388723,26754,6.292891316,1962869
3/1/2002,0.46,2.874,4.289959995388174,19496.65,3.9889302224775225,9748.33,94303,East Palo Alto,CA,4.440058543,27546,6.625715067,4223914
7/18/2001,0.21,1.6212,4.288361027472952,19425,3.7838678627973743,6079.5,94401,San Mateo,CA,4.422047865,26427,6.2418024,1745028
1/14/2004,0.44,2.76,4.285557309007774,19300,4.094121595840561,12420,1778,Wayland,MA,4.430349226,26937,6.329903482,2137487
8/24/2005,0.36,2.28,4.278753600952829,19000,3.7422851165944104,5524.4,94952,Petaluma,CA,4.423851824,26537,6.258013165,1811395
8/13/2004,0.38,2.4,4.278584421733364,18992.6,3.885994104784572,7691.2,94066,San Bruno,CA,4.429510041,26885,6.31745636,2077095
7/8/2005,0.48,3.01,4.278138524622742,18973.11,4.150086834186607,14128.2,78703,-1,TX,4.440042777,27545,6.625198202,4218890
2/4/2004,0.47,2.952,4.277998644200288,18967,3.9657471672175073,9241.6,95674,Rio Oso,CA,3.840607879,6928,4.481471294,30302
8/4/2004,0.46,2.88,4.2770060545013795,18923.7,3.9607180599475122,9135.2,95946,Penn Valley,CA,4.289321338,19468,5.570095573,371617
12/30/2005,0.38,2.38,4.276705308461924,18910.6,3.7445276734725668,5553,92260,Palm Desert,CA,4.391235126,24617,6.036193584,1086910
9/27/2000,0.34,2.2092,4.27289587,18745.45,3.742175043223677,5523,90220,Compton,CA,4.3696796,23425,5.929737121,850623
10/21/2002,0.30,2,4.272073788,18710,4.079181246047625,12000,11731,East Northport,NY,4.416607227,26098,6.192331287,1557153
10/3/2003,0.35,2.24,4.271888052660484,18702,4.003460532109506,10080,14850,Ithaca,NY,4.426120709,26676,6.282321152,1915672
7/6/2004,0.40,2.53,4.270865088739779,18658,4.000867721531227,10020,12970,Paul Smiths,NY,3.122543524,1326,3.891760401,7794
8/11/2005,0.40,2.505,4.2685753979316265,18559.89,3.8292265580593923,6748.8,94941,Mill Valley,CA,4.440357997,27565,6.65359896,4504006
7/20/2001,0.34,2.1876,4.267461083391471,18512.33,3.913999182,8203.5,92109,San Diego,CA,4.430993652,26977,6.340743259,2191509
9/14/2003,0.31,2.04,4.265797891409144,18441.57,3.827885982789856,6728,90630,Cypress,CA,4.426738922,26714,6.28759192,1939063
9/15/2001,0.38,2.40672,4.262659406184801,18308.78,3.955543442459743,9027,92117,San Diego,CA,4.427226364,26744,6.291455656,1956391
5/29/2004,0.38,2.4,4.262213705476417,18290,3.9043909200123617,8024,95648,Lincoln,CA,4.430687669,26958,6.334404488,2159755
2/16/2005,0.48,3.01,4.261334491729533,18253.01,4.150080686233493,14128,78703,-1,TX,4.440042777,27545,6.625198202,4218890
3/1/2005,0.48,3.01,4.261334491729533,18253.01,4.150080686233493,14128,78732,-1,TX,4.413584729,25917,6.170615463,1481206
12/29/2001,0.29,1.9488,4.260919104703571,18235.56,3.8637985386805003,7308,94564,Pinole,CA,4.354665362,22629,5.862513009,728640
9/8/2005,0.36,2.3,4.258902441917581,18151.07879,4.083072412284535,12108,19125,Philadelphia,PA,4.360952968,22959,5.889877951,776029
9/8/2005,0.36,2.3,4.258902441917581,18151.07879,4.053151460310993,11301.9,19125,Philadelphia,PA,4.360952968,22959,5.889877951,776029
1/5/2003,0.38,2.4,4.253834542621952,17940.5,3.951823035315912,8950,95616,Davis,CA,4.417388646,26145,6.199695951,1583784
12/23/2004,0.28,1.9,4.238572961696629,17321,3.7257809977679983,5318.4,95037,Morgan Hill,CA,4.437544462,27387,6.485727103,3060040
7/11/2003,0.34,2.2,4.235528446907549,17200,4.037027879755775,10890,2138,Cambridge,MA,4.437592032,27390,6.488256622,3077915
12/31/2004,0.62,4.2,4.220003426156936,16596,4.042969073,11040,93720,Fresno,CA,4.427388723,26754,6.292891316,1962869
6/10/2004,0.45,2.8,4.219115402532776,16562.1,3.966235624098582,9252,95521,Arcata,CA,4.287667391,19394,5.563473966,365994
9/11/2004,0.48,3.006,4.212496296697537,16311.59,3.953431068826028,8983.2,93109,Santa Barbara,CA,4.363969045,23119,5.903359709,800497
3/30/2005,0.46,2.88,4.211519396151631,16274.94,3.815503367364901,6538.88,95667,Placerville,CA,4.400296168,25136,6.087043129,1221921
12/1/2005,0.37,2.338,4.211360859155118,16269,3.7340233243130987,5420.3,95076,Watsonville,CA,4.431395933,27002,6.346331455,2219890
6/28/2003,0.28,1.92,4.207849711130526,16138,3.7987887139512493,6292,95616,Davis,CA,4.417388646,26145,6.199695951,1583784
7/8/2005,0.10,1.25,4.2025428047939215,15942,3.743509765,5540,6120,Hartford,CT,4.154697794,14279,5.076840617,119355
9/26/2004,0.19,1.56,4.193690760742672,15620.35,3.7113009599161657,5144,94954,Petaluma,CA,4.417355423,26143,6.19917381,1581881
4/10/2004,0.28,1.896,4.186023493117446,15347,3.772629711805652,5924.2,95616,Davis,CA,4.417388646,26145,6.199695951,1583784
7/27/2005,0.37,2.34,4.181386195083218,15184,4.040938412515957,10988.5,78748,-1,TX,4.419724504,26286,6.221915539,1666923
1/30/2003,0.37,2.3616,4.179303551957569,15111.36,3.8782735562935886,7555.68,94587,Union City,CA,4.437211323,27366,6.476855675,2998166
6/15/2005,0.32,2.1,4.173820632658649,14921.78,3.752632239,5657.6,94611,Oakland,CA,4.440452518,27571,6.666356869,4638279
3/25/2005,0.27,1.87,4.170317465837783,14801.9,3.7065471026403576,5088,94941,Mill Valley,CA,4.440357997,27565,6.65359896,4504006
3/7/2003,0.38,2.4,4.167701234971369,14713,3.866671239307387,7356.5,92024,Encinitas,CA,4.439506377,27511,6.582265456,3821778
10/19/2003,0.38,2.4,4.167701234971369,14713,3.866671239307387,7356.5,92024,Encinitas,CA,4.439506377,27511,6.582265456,3821778
10/1/2003,0.28,1.896,4.167140035508358,14694,3.794906106516804,6236,95616,Davis,CA,4.417388646,26145,6.199695951,1583784
1/9/2004,0.17,1.48,4.157063700382623,14357,3.6866362692622934,4860,94708,Berkeley,CA,4.417737337,26166,6.203998363,1599552
6/24/2005,0.17,1.485,4.155244917176186,14297,3.593286067020457,3920,93923,Carmel,CA,4.383582005,24187,5.996390385,991723
7/20/2005,0.39,2.436,4.154607452,14276.03,3.812646016233119,6496,95076,Watsonville,CA,4.431395933,27002,6.346331455,2219890
9/21/2003,0.51,3.2,4.150878578,14153.98,3.929418925714293,8500,93401,San Luis Obispo,CA,4.40761182,25563,6.131322833,1353078
6/21/2002,0.25,1.78212,4.1426378315561205,13887.94,3.824938967428575,6682.5,95401,Santa Rosa,CA,4.396269108,24904,6.063780936,1158193
11/17/2001,0.17,1.4904,4.133423613429317,13596.39,3.747334109615905,5589,95008,Campbell,CA,4.43792488,27411,6.501969914,3176654
3/30/2005,0.27,1.85,4.1199483600309215,13181,3.667733052533267,4653,92307,Apple Valley,CA,4.380518758,24017,5.980373387,955814
11/17/2005,0.47,2.96,4.112705521030892,12963,3.9912260756924947,9800,95453,Lakeport,CA,4.258397804,18130,5.444405517,278231
7/30/2004,0.35,2.22,4.096111567386546,12477.04,3.8673496171887924,7368,94601,Oakland,CA,4.386374099,24343,6.008240666,1019156
5/31/2003,0.22,1.65,4.088136088700551,12250,3.735918116531297,5444,93023,Ojai,CA,4.370550096,23472,5.933354651,857738
3/9/2005,0.48,3,4.077367905284157,11950,3.976157324153317,9465.8,93036,Oxnard,CA,4.396861621,24938,6.066906336,1166558
3/9/2005,0.20,1.6,4.071440127177888,11788,3.7236198355154633,5292,92694,Ladera Ranch,CA,4.431315507,26997,6.34470501,2211592
1/21/2005,0.18,1.503,4.070943949400596,11774.54,3.663644397483383,4609.4,92694,Ladera Ranch,CA,4.431315507,26997,6.34470501,2211592
1/21/2005,0.18,1.503,4.070943949400596,11774.54,3.663644397483383,4609.4,92694,Ladera Ranch,CA,4.431315507,26997,6.34470501,2211592
10/25/2001,0.08,1.20336,4.033685057800377,10806.5,3.654513446795762,4513.5,91978,Spring Valley,CA,4.262498551,18302,5.462377031,289986
8/28/2003,0.16,1.44,3.999592875302735,9990.63,3.698563314340334,4995.32,90278,Redondo Beach,CA,4.433241641,27117,6.377560669,2385397
8/4/2005,0.09,1.2168,3.9890059519871945,9750.03,3.511187933317223,3244.8,95076,Watsonville,CA,4.431395933,27002,6.346331455,2219890
10/18/2002,0.28,1.92,3.977556255386347,9496.34,3.676526259722366,4748.17,95616,Davis,CA,4.417388646,26145,6.199695951,1583784
4/8/2005,0.49,3.12,3.927851106233952,8469.37,3.9111789232835212,8150.4,95521,Arcata,CA,4.287667391,19394,5.563473966,365994
5/29/2003,0.08,1.190688,3.9004217534577377,7951,3.5993917577937564,3975.5,92131,San Diego,CA,4.434073654,27169,6.394821024,2482110
